uid:uuid,title:text,reflection_id:uuid
e20f35a9806e498194a21a0f8b4e9ba4,"Топ 100 наречий, часть 2",01838288daec45fb831c89a25502ec6a
ce883b3e92b649e1a52dca11aec584d0,"Топ 100 наречий, часть 2",57b514dc92b74657ab14e3f5418e2509
fabbe090f6df474993353faed8a3968c,"Топ 100 наречий, часть 2",6b98e62247644c16815a68d34c2d832e
ff5d10a4e41344ffbf9e2286bc7366c8,"Топ 100 наречий, часть 2",ecc570fb277648d780680c36c53933b7
48afc8e32eec44eeb3af4be5f7127b29,"Топ 100 наречий, часть 2",54f3ff5ba4574295ab994352547fa14f
7ac9897f2e844bbc9a67a1c393c1458a,"Top 100 adverbs, part 2",bdf7921b3b5d4646943e43f88c71b394
c8de75d44800407bba94b19dc9be130d,"Top 100 adverbs, part 2",df8ac92a30ef45d0bf1dee407cc59157
f8aa7f1217924870bfb327df69530275,"Top 100 adverbs, part 2",3ed47dbf956448aaa754b9abec6d16e7
7e59352c450041459cb1aa2bb0dc1e24,"Top 100 adverbs, part 2",816fa369f23a4453a53bdefebb72384c
55fd525348c2407e877f4bf20a242236,"Top 100 adverbs, part 2",27c6615459594cc3b776358a18ebbd11
2fae26571c4b4e0e8db1f306df04d1cd,"Top 100 der adverbien, Teil 2",dcd7df63c0464f819524bfb5f8eee447
dd3de6f6514b4c31a142d87a9677bd98,"Top 100 der adverbien, Teil 2",c83f0d812a7141caa9e1922d68e46165
08f7326d01604af09f01085d3491bca0,"Top 100 der adverbien, Teil 2",cc21ec004b884acf8a4cdaac9f121a61
c48c6bb6d74f4a549fa291eab546b852,"Top 100 der adverbien, Teil 2",99d8dff3d376413a9a1b27260658af37
f8d160cdb2e7488e843e556dfbce530e,"Top 100 der adverbien, Teil 2",9c1cdb353cd845c894972b6227689439
396e663192ef48a499d99c764786852a,"Le top 100 des adverbes, partie 2",d85c1843060840bb8d68df52afa20e92
93b6416b3dc24de6b8df92b62c3bc68a,"Le top 100 des adverbes, partie 2",e013acce8a874a05bedc7ede4490aaf5
0a08257ad218492688c6be28e9390879,"Le top 100 des adverbes, partie 2",2291d411977346778c97eafd4514d3cd
d5794db3565b40c28575c214751f334a,"Le top 100 des adverbes, partie 2",e8aea3f6f2a7421e9950221238054d05
f971392f96ec452bae4fe46aeffcd3d6,"Le top 100 des adverbes, partie 2",dff1d268b098461f981c9f283570f24e
d9d747e58745459185bf741b2cd8336c,"Top 100 de los adverbios, parte 2",6aeacf0697f44a1088ef7c75f95ca696
cbec776ae0c64db699546faf4b6c870d,"Top 100 de los adverbios, parte 2",8542ff22026f45be8be89c7296912fd6
6149a6758f7c4283a3dd4deda4f3b7d0,"Top 100 de los adverbios, parte 2",ac71b0d8b1f3461d9a2e804b53767bf1
54b174b23c024f079fddb7f6121be904,"Top 100 de los adverbios, parte 2",5a3828dfaf35412fb72740d65fdf8239
252188a95a0e450bbd5130eacda62d76,"Top 100 de los adverbios, parte 2",7d8cf9e65d5e400aa5aadc02d90d838d
aec18278d3a243fc9d46acd6122f12a7,"Top 100 avverbi, parte 2",c19375c760c44b94abe360bc51bd93e2
c5e483a82d4e404bb3865f73f1d78625,"Top 100 avverbi, parte 2",d60f04e12490463f9b2e6a10c221b4d8
b70e3d59e1784912a912c27a0dbe9946,"Top 100 avverbi, parte 2",3bd7ccca0f1e42de8dde45014bafa392
20549c7dff404fd68a87009ea712df17,"Top 100 avverbi, parte 2",c5855d1caf0f408b98d9463b4d85561f
792fe1f3b54347e799d99c3343cf4f40,"Top 100 avverbi, parte 2",dcebadfbe18148a68365ce8e13ae72c0
46c19e59067c413b8f45475434df81a1,"Топ 100 глаголов, часть 3",01838288daec45fb831c89a25502ec6a
cc8961ae8db848378f8ea03791835fe9,"Топ 100 глаголов, часть 3",57b514dc92b74657ab14e3f5418e2509
a4a7e7955ee244509f73f27713b99a4c,"Топ 100 глаголов, часть 3",6b98e62247644c16815a68d34c2d832e
0b054ca10c164d71afb5bcc4c63554f9,"Топ 100 глаголов, часть 3",ecc570fb277648d780680c36c53933b7
5894f63f044f458bb6eb6f76490a6182,"Топ 100 глаголов, часть 3",54f3ff5ba4574295ab994352547fa14f
0faf4580f5f24b93beee60190134ebb2,"Top 100 verbs, part 3",bdf7921b3b5d4646943e43f88c71b394
8cc141effc394fb2a084f696b7621fe1,"Top 100 verbs, part 3",df8ac92a30ef45d0bf1dee407cc59157
6ac17d9d01d14320879b59d494240a17,"Top 100 verbs, part 3",3ed47dbf956448aaa754b9abec6d16e7
354007e910b645c18efebeeb94a1bcc6,"Top 100 verbs, part 3",816fa369f23a4453a53bdefebb72384c
edc8d81816bd4e6f8792b99738d35258,"Top 100 verbs, part 3",27c6615459594cc3b776358a18ebbd11
cfcd98ac203849a59da724acdcfb783e,"Top 100 Verben, Teil 3",dcd7df63c0464f819524bfb5f8eee447
ba5056f0da9240f08e8b3374ef073c9f,"Top 100 Verben, Teil 3",c83f0d812a7141caa9e1922d68e46165
7874a6a6421c4ca98cb2b5afe491d897,"Top 100 Verben, Teil 3",cc21ec004b884acf8a4cdaac9f121a61
f3f25525889642a2886ef2bc80908e67,"Top 100 Verben, Teil 3",99d8dff3d376413a9a1b27260658af37
228b2237c81b46589c57e55e59ddf378,"Top 100 Verben, Teil 3",9c1cdb353cd845c894972b6227689439
1c330eae1edb4309a256806b0501ed41,"Le top 100 des verbes, partie 3",d85c1843060840bb8d68df52afa20e92
8ba46e524aef489bbf8acc7d048ffaa5,"Le top 100 des verbes, partie 3",e013acce8a874a05bedc7ede4490aaf5
e1fb56617397447f9e88be6e799991f1,"Le top 100 des verbes, partie 3",2291d411977346778c97eafd4514d3cd
9692fc0cc30143d2b66157a1d015b4c3,"Le top 100 des verbes, partie 3",e8aea3f6f2a7421e9950221238054d05
b6bd2637103d4e97afd55b754352327d,"Le top 100 des verbes, partie 3",dff1d268b098461f981c9f283570f24e
9de5782c141545e9956075439d555390,"Top 100 de los verbos, parte 3",6aeacf0697f44a1088ef7c75f95ca696
25d2b3708f33405a85d4c1e382894b57,"Top 100 de los verbos, parte 3",8542ff22026f45be8be89c7296912fd6
cb34a89eb1df414ea70b43e4ccd3fc59,"Top 100 de los verbos, parte 3",ac71b0d8b1f3461d9a2e804b53767bf1
daac18dd81544173bbb4152efde8f026,"Top 100 de los verbos, parte 3",5a3828dfaf35412fb72740d65fdf8239
e77f58d2f5b042a39ede74fa3d5c66b3,"Top 100 de los verbos, parte 3",7d8cf9e65d5e400aa5aadc02d90d838d
dd1f9a92b79449b582efe643c231fff6,"Top 100 verbi, parte 3",c19375c760c44b94abe360bc51bd93e2
4086645b37224a87a21f0b5d88a08a90,"Top 100 verbi, parte 3",d60f04e12490463f9b2e6a10c221b4d8
a817132848ac44afa2889d94ff924e99,"Top 100 verbi, parte 3",3bd7ccca0f1e42de8dde45014bafa392
841b4d470e9e456db804429c7419469a,"Top 100 verbi, parte 3",c5855d1caf0f408b98d9463b4d85561f
d32663a278634f8e90ad49aac6600332,"Top 100 verbi, parte 3",dcebadfbe18148a68365ce8e13ae72c0
86fd7065d75d4743a3c7482b0564a78e,"Топ 100 наречий, часть 1",01838288daec45fb831c89a25502ec6a
d3175c6468f04698a7fc8cf749f18e7e,"Топ 100 наречий, часть 1",57b514dc92b74657ab14e3f5418e2509
17d2b3e3b7b34468933962f54fbf7d8f,"Топ 100 наречий, часть 1",6b98e62247644c16815a68d34c2d832e
2b476abeec0c42918f8283bcf9fb35ae,"Топ 100 наречий, часть 1",ecc570fb277648d780680c36c53933b7
0090afb825a94bc682721fc04e81c225,"Топ 100 наречий, часть 1",54f3ff5ba4574295ab994352547fa14f
fc2434385e9542c88cfc384f71c268a5,"Top 100 adverbs, part 1",bdf7921b3b5d4646943e43f88c71b394
584c195605204a0c87f1b065710c01d3,"Top 100 adverbs, part 1",df8ac92a30ef45d0bf1dee407cc59157
390d247905894de785d7a0714027c301,"Top 100 adverbs, part 1",3ed47dbf956448aaa754b9abec6d16e7
2d3014dc292140a0810ea8d505e0bc46,"Top 100 adverbs, part 1",816fa369f23a4453a53bdefebb72384c
d984c5dbd60a47449bc24651ba4eab81,"Top 100 adverbs, part 1",27c6615459594cc3b776358a18ebbd11
0e58c817b761451182a214f433b5139a,"Top 100 der adverbien, Teil 1",dcd7df63c0464f819524bfb5f8eee447
0e63c16a21ab467799208f881c7dae7c,"Top 100 der adverbien, Teil 1",c83f0d812a7141caa9e1922d68e46165
29bbb7e95db94ca8b1c587ec122d8958,"Top 100 der adverbien, Teil 1",cc21ec004b884acf8a4cdaac9f121a61
85c49bf8fb284fa2bd51d568bae1e95a,"Top 100 der adverbien, Teil 1",99d8dff3d376413a9a1b27260658af37
44692415de864b87a4c2de39bae0434e,"Top 100 der adverbien, Teil 1",9c1cdb353cd845c894972b6227689439
77724942ecc047158e3c1fe90643e6c1,"Le top 100 des adverbes, partie 1",d85c1843060840bb8d68df52afa20e92
fc6f871f5afc45a3a0eb6523bfd6913d,"Le top 100 des adverbes, partie 1",e013acce8a874a05bedc7ede4490aaf5
922b01a449de4c1486979bdba397110a,"Le top 100 des adverbes, partie 1",2291d411977346778c97eafd4514d3cd
e054453895f340fda55252b471ae8b45,"Le top 100 des adverbes, partie 1",e8aea3f6f2a7421e9950221238054d05
36a08f25ddbd47bcb2dda62ed1bdd632,"Le top 100 des adverbes, partie 1",dff1d268b098461f981c9f283570f24e
c8cb1d2a22dd4fccbf5dc7e450c598aa,"Top 100 de los adverbios, parte 1",6aeacf0697f44a1088ef7c75f95ca696
e723eb17b5594663a027dfe0c39259bc,"Top 100 de los adverbios, parte 1",8542ff22026f45be8be89c7296912fd6
f10f3b1d1a0a4517b630ce30f81aaa25,"Top 100 de los adverbios, parte 1",ac71b0d8b1f3461d9a2e804b53767bf1
c7fd84f801a8463a9561ab907a58cf06,"Top 100 de los adverbios, parte 1",5a3828dfaf35412fb72740d65fdf8239
24e0c10da5f0441dbbf6df7861391f07,"Top 100 de los adverbios, parte 1",7d8cf9e65d5e400aa5aadc02d90d838d
3e4604f6824348cebcda84a2e71a2a44,"Top 100 avverbi, parte 1",c19375c760c44b94abe360bc51bd93e2
f78e729261aa4065a0fc6141e47675d0,"Top 100 avverbi, parte 1",d60f04e12490463f9b2e6a10c221b4d8
853a5c62c1e440a6aaa44c12b9adf665,"Top 100 avverbi, parte 1",3bd7ccca0f1e42de8dde45014bafa392
a508b2d3ad3b433393e602edb4d59958,"Top 100 avverbi, parte 1",c5855d1caf0f408b98d9463b4d85561f
d0f39b0fa9f94310ad2c9561b717ee5e,"Top 100 avverbi, parte 1",dcebadfbe18148a68365ce8e13ae72c0
881000fdc98f44d08162a78b064375e2,"Топ 100 глаголов, часть 1",01838288daec45fb831c89a25502ec6a
195b9be2d4084ceb9a848d55ccfa0a34,"Топ 100 глаголов, часть 1",57b514dc92b74657ab14e3f5418e2509
71d412c340e34adc9f0e55f2f4b80488,"Топ 100 глаголов, часть 1",6b98e62247644c16815a68d34c2d832e
22fb3d1e23e645e2afaeec7cb6ac32e4,"Топ 100 глаголов, часть 1",ecc570fb277648d780680c36c53933b7
2d920f72e7a145139911281a40b99239,"Топ 100 глаголов, часть 1",54f3ff5ba4574295ab994352547fa14f
5075a0923c2844759aaa1e2cc1f111fc,"Top 100 verbs, part 1",bdf7921b3b5d4646943e43f88c71b394
a2344ef642a5433499711ed5f78bca68,"Top 100 verbs, part 1",df8ac92a30ef45d0bf1dee407cc59157
5f62fc35e87c47c6a9630ef19fd973ca,"Top 100 verbs, part 1",3ed47dbf956448aaa754b9abec6d16e7
e8aad49749c54cdcbaaeb72a4ce35212,"Top 100 verbs, part 1",816fa369f23a4453a53bdefebb72384c
7bf5f468500349418e7347145083b1d0,"Top 100 verbs, part 1",27c6615459594cc3b776358a18ebbd11
60228506f9e04d1fa3124ae80f63bfc2,"Top 100 Verben, Teil 1",dcd7df63c0464f819524bfb5f8eee447
0806eb8901ad488e8464482686c4e57d,"Top 100 Verben, Teil 1",c83f0d812a7141caa9e1922d68e46165
9a5c3b0b08ff4d628eaf7e424a503b03,"Top 100 Verben, Teil 1",cc21ec004b884acf8a4cdaac9f121a61
f87c104dea6e41f5a7c7a7c4b18eb97e,"Top 100 Verben, Teil 1",99d8dff3d376413a9a1b27260658af37
866cbf7ff24a4d84a42ee66c57af05ff,"Top 100 Verben, Teil 1",9c1cdb353cd845c894972b6227689439
d62afedc6c08482aa6f338c69ea1a023,"Le top 100 des verbes, partie 1",d85c1843060840bb8d68df52afa20e92
63fa72d767734335907b931f8a96ef6d,"Le top 100 des verbes, partie 1",e013acce8a874a05bedc7ede4490aaf5
b82ae93ce3d7426a80a3b26f1430ed08,"Le top 100 des verbes, partie 1",2291d411977346778c97eafd4514d3cd
8092ee4aaa9a4c588e3a9040556defef,"Le top 100 des verbes, partie 1",e8aea3f6f2a7421e9950221238054d05
6be33f3a015c4b5a9b814cdb962dc92f,"Le top 100 des verbes, partie 1",dff1d268b098461f981c9f283570f24e
4ffc24cf50f04c75bf375af3ad24c37d,"Top 100 de los verbos, parte 1",6aeacf0697f44a1088ef7c75f95ca696
2d69d63bf48e4f10b887e405c977e6a7,"Top 100 de los verbos, parte 1",8542ff22026f45be8be89c7296912fd6
e17fcb2e63864b4494a629a6d0f20d0f,"Top 100 de los verbos, parte 1",ac71b0d8b1f3461d9a2e804b53767bf1
e29380f18b2f4d6c910be2b75df5bb45,"Top 100 de los verbos, parte 1",5a3828dfaf35412fb72740d65fdf8239
2ad482f1ff9d481fb9e96be185d24fe6,"Top 100 de los verbos, parte 1",7d8cf9e65d5e400aa5aadc02d90d838d
91b1fa4d0c344cdbb01c374adad766e6,"Top 100 verbi, parte 1",c19375c760c44b94abe360bc51bd93e2
c0d932e56bef48218b91981e3915a017,"Top 100 verbi, parte 1",d60f04e12490463f9b2e6a10c221b4d8
c7fc31f7b5b9408995126cc148410fdb,"Top 100 verbi, parte 1",3bd7ccca0f1e42de8dde45014bafa392
99118313d299499fad0ef2c4359cb37f,"Top 100 verbi, parte 1",c5855d1caf0f408b98d9463b4d85561f
10acba940ab4480cb57a1896bc65291f,"Top 100 verbi, parte 1",dcebadfbe18148a68365ce8e13ae72c0
5f7831470c4b4be69d342420768e933c,"Топ 100 глаголов, часть 4",01838288daec45fb831c89a25502ec6a
3326c7c4bf6447d39236eaa873de64fe,"Топ 100 глаголов, часть 4",57b514dc92b74657ab14e3f5418e2509
3ac7523edc134ea2bc473081b3cb64d9,"Топ 100 глаголов, часть 4",6b98e62247644c16815a68d34c2d832e
8e318a207835409aa4afe9700fd1d25b,"Топ 100 глаголов, часть 4",ecc570fb277648d780680c36c53933b7
82de34fc5161417da8ee6597101d3317,"Топ 100 глаголов, часть 4",54f3ff5ba4574295ab994352547fa14f
ae2aff2d5c2a43e4bbd438ea5012fcc4,"Top 100 verbs, part 4",bdf7921b3b5d4646943e43f88c71b394
210fecbf113042b78ee8e0616bfc58aa,"Top 100 verbs, part 4",df8ac92a30ef45d0bf1dee407cc59157
599d65263c724385acff2041c6a55e97,"Top 100 verbs, part 4",3ed47dbf956448aaa754b9abec6d16e7
6a3d5c5042804f7a9acdffab87ed60ef,"Top 100 verbs, part 4",816fa369f23a4453a53bdefebb72384c
953e44adf7f243cb940222a71721588c,"Top 100 verbs, part 4",27c6615459594cc3b776358a18ebbd11
b5740858a83244fb8a94c03a45cd09aa,"Top 100 Verben, Teil 4",dcd7df63c0464f819524bfb5f8eee447
f8d239305a7d4b529161a8abf8c9bb73,"Top 100 Verben, Teil 4",c83f0d812a7141caa9e1922d68e46165
c63e21e6a33d4a97880d903d6b85ae98,"Top 100 Verben, Teil 4",cc21ec004b884acf8a4cdaac9f121a61
b0b0d71f23d94c0f9b102aeab9c52c52,"Top 100 Verben, Teil 4",99d8dff3d376413a9a1b27260658af37
d0c3434b12234194bcc405dd296416b5,"Top 100 Verben, Teil 4",9c1cdb353cd845c894972b6227689439
2f3fef823ff54ff7acbd1402ad877b87,"Le top 100 des verbes, partie 4",d85c1843060840bb8d68df52afa20e92
b16d38d91be44aadac5ffaf701276046,"Le top 100 des verbes, partie 4",e013acce8a874a05bedc7ede4490aaf5
4af9750778024d21a69316ca13b59a7e,"Le top 100 des verbes, partie 4",2291d411977346778c97eafd4514d3cd
c6b97be5ed13416b87976ee1f2e87600,"Le top 100 des verbes, partie 4",e8aea3f6f2a7421e9950221238054d05
e70e7370e59e4de3b38aa042a734f673,"Le top 100 des verbes, partie 4",dff1d268b098461f981c9f283570f24e
e8ba7c2d435d4e9caa60038da4ec69e5,"Top 100 de los verbos, parte 4",6aeacf0697f44a1088ef7c75f95ca696
640104c797b2422fbb84ed4c956af831,"Top 100 de los verbos, parte 4",8542ff22026f45be8be89c7296912fd6
3baa976ad4084a758f7139096ec573ee,"Top 100 de los verbos, parte 4",ac71b0d8b1f3461d9a2e804b53767bf1
27d1c203b9394d9f84bd233534b50747,"Top 100 de los verbos, parte 4",5a3828dfaf35412fb72740d65fdf8239
67171f110f124aaf8232805fb33321c3,"Top 100 de los verbos, parte 4",7d8cf9e65d5e400aa5aadc02d90d838d
0b04d3f370ef49fbbb66f6cce2a6f15e,"Top 100 verbi, parte 4",c19375c760c44b94abe360bc51bd93e2
fcef53cdb83e4973abefde2853a94bb9,"Top 100 verbi, parte 4",d60f04e12490463f9b2e6a10c221b4d8
8c2a5cc70bd14e3898de7a9caab51cbd,"Top 100 verbi, parte 4",3bd7ccca0f1e42de8dde45014bafa392
8a1b1905113949488ef4de1c5cc716d9,"Top 100 verbi, parte 4",c5855d1caf0f408b98d9463b4d85561f
fb9265fe667d45f3a79c38e94faca6bf,"Top 100 verbi, parte 4",dcebadfbe18148a68365ce8e13ae72c0
8e9d09451cd54b57a0ab4e72e890eeac,"Топ 100 глаголов, часть 2",01838288daec45fb831c89a25502ec6a
799dd2e6ef5d41ac81d5e141b0a30ee7,"Топ 100 глаголов, часть 2",57b514dc92b74657ab14e3f5418e2509
07b182abb5a74d2ca52997784fcca54f,"Топ 100 глаголов, часть 2",6b98e62247644c16815a68d34c2d832e
ced21b9ccdcd457d9c72dce962cc0121,"Топ 100 глаголов, часть 2",ecc570fb277648d780680c36c53933b7
59f1a87b04824a4aa18232d9926b47e5,"Топ 100 глаголов, часть 2",54f3ff5ba4574295ab994352547fa14f
08a21e264ca94d8181ab922950321d83,"Top 100 verbs, part 2",bdf7921b3b5d4646943e43f88c71b394
f400f8f1e50b455f9b37436fcbaddf6b,"Top 100 verbs, part 2",df8ac92a30ef45d0bf1dee407cc59157
da5036f160bd4afabf2485485cf56b04,"Top 100 verbs, part 2",3ed47dbf956448aaa754b9abec6d16e7
141424f7bee34bbd8bfedb141f34275b,"Top 100 verbs, part 2",816fa369f23a4453a53bdefebb72384c
b5394b8355b84fa89abfe3147eee261f,"Top 100 verbs, part 2",27c6615459594cc3b776358a18ebbd11
cb98058a87a74a0c9b16fd35ab913aa1,"Top 100 Verben, Teil 2",dcd7df63c0464f819524bfb5f8eee447
6a2930d14d77438c8de6781a642829b5,"Top 100 Verben, Teil 2",c83f0d812a7141caa9e1922d68e46165
b8bc6a70acdb49d7a7085f7556aae464,"Top 100 Verben, Teil 2",cc21ec004b884acf8a4cdaac9f121a61
1b8f8d702b0140f6b07a6d45d2842268,"Top 100 Verben, Teil 2",99d8dff3d376413a9a1b27260658af37
3fd0919192474d07be54acbb699d2ee0,"Top 100 Verben, Teil 2",9c1cdb353cd845c894972b6227689439
1a4ac08812344b919e5af6922865b835,"Le top 100 des verbes, partie 2",d85c1843060840bb8d68df52afa20e92
202aec67624f4b8f87f09dd06bcdb067,"Le top 100 des verbes, partie 2",e013acce8a874a05bedc7ede4490aaf5
dcd32728052a496faf4df27d2e52f903,"Le top 100 des verbes, partie 2",2291d411977346778c97eafd4514d3cd
609f588e6104443ca98445062775b4ee,"Le top 100 des verbes, partie 2",e8aea3f6f2a7421e9950221238054d05
f1edb902650e42fd97b4b3e801c50e1a,"Le top 100 des verbes, partie 2",dff1d268b098461f981c9f283570f24e
f901c02885814fc399ef481b2b7b37aa,"Top 100 de los verbos, parte 2",6aeacf0697f44a1088ef7c75f95ca696
8dfe64e8dff94678a568449592d259a3,"Top 100 de los verbos, parte 2",8542ff22026f45be8be89c7296912fd6
c5dd2c8468e24bf89ba3769de1631b9f,"Top 100 de los verbos, parte 2",ac71b0d8b1f3461d9a2e804b53767bf1
2bea5e827ce44639a5280872b4186531,"Top 100 de los verbos, parte 2",5a3828dfaf35412fb72740d65fdf8239
067b7d79b562493a9f1231b6743eeda3,"Top 100 de los verbos, parte 2",7d8cf9e65d5e400aa5aadc02d90d838d
0b88438b54774eb294752a8a00412267,"Top 100 verbi, parte 2",c19375c760c44b94abe360bc51bd93e2
b5260f7d7fb34e458c79aaf028ff0672,"Top 100 verbi, parte 2",d60f04e12490463f9b2e6a10c221b4d8
14e9c7f3661b460c9a70a9f9c9d9975a,"Top 100 verbi, parte 2",3bd7ccca0f1e42de8dde45014bafa392
e3e777f3b06e4a3ba0c618b0e09be8fd,"Top 100 verbi, parte 2",c5855d1caf0f408b98d9463b4d85561f
bd8a18395cff4e47b6f8cbc0c7735918,"Top 100 verbi, parte 2",dcebadfbe18148a68365ce8e13ae72c0
